{
  "calls": [
    1774172174.3591955,
    1774172174.359611,
    1774172174.359972
  ],
  "retry_delay": 5,
  "timestamp": "2026-03-22T11:36:14.359975"
}